Image Paths,Expression,Age,Name
IMG_20210902_231058.jpg,Smiling,19,Me
IMG_20210902_231103.jpg,Smiling,19,Me
IMG_20210906_115508.jpg,Smiling,19,Me
IMG_20210906_115514.jpg,Smiling,19,Me
IMG_20210906_123955.jpg,Smiling,19,Me
IMG_20210922_121812.jpg,Not Smiling,19,Me
IMG_20210927_020215.jpg,Not Smiling,19,Me
IMG_20210927_020216.jpg,Not Smiling,19,Me
IMG_20211004_212713.jpg,Not Smiling,19,Me
IMG_20211009_215705.jpg,Smiling,19,Me
IMG_20211017_123849.jpg,Not Smiling,19,Me
IMG_20211017_123855.jpg,Smiling,19,Me
IMG_20211019_184216.jpg,Not Smiling,19,Me
IMG_20211019_184217.jpg,Not Smiling,19,Me
IMG_20211020_091601.jpg,Not Smiling,19,Me
IMG_20211020_171916.jpg,Smiling,19,Me
IMG_20211029_093952.jpg,Smiling,19,Me
IMG_20211029_093956.jpg,Smiling,19,Me
IMG_20211108_154429.jpg,Smiling,19,Me
IMG_20211126_130650.jpg,Smiling,20,Me
IMG_20211128_001802.jpg,Not Smiling,20,Me
IMG_20211128_001806.jpg,Smiling,20,Me
IMG_20211128_012417.jpg,Smiling,20,Me
IMG_20211207_101104.jpg,Not Smiling,20,Me
IMG_20220110_033428.jpg,Smiling,20,Me
IMG_20220110_033439.jpg,Smiling,20,Me
IMG_20220110_033446.jpg,Not Smiling,20,Me
IMG_20220111_123932.jpg,Not Smiling,20,Me
IMG_20220111_123940.jpg,Smiling,20,Me
IMG_20220127_023603.jpg,Smiling,20,Me
IMG_20220127_023644.jpg,Smiling,20,Me
IMG_20220127_170255.jpg,Smiling,20,Me
IMG_20220127_170259.jpg,Smiling,20,Me
IMG_20220211_190512.jpg,Smiling,20,Me
IMG_20220211_195819.jpg,Smiling,20,Me
IMG_20220211_201932.jpg,Smiling,20,Me
IMG_20220211_201940.jpg,Smiling,20,Me
IMG_20220306_212104.jpg,Not Smiling,20,Me
IMG_20220306_233045.jpg,Smiling,20,Me
IMG_20220306_233045_1.jpg,Smiling,20,Me
IMG_20220310_103142.jpg,Smiling,20,Me
IMG_20220310_103200.jpg,Smiling,20,Me
IMG_20220310_103206.jpg,Smiling,20,Me
IMG_20220316_112720.jpg,Not Smiling,20,Me
IMG_20220329_213941.jpg,Smiling,20,Me
IMG_20220401_105239.jpg,Not Smiling,20,Me
IMG_20220402_174855.jpg,Not Smiling,20,Me
IMG_20220402_174859.jpg,Smiling,20,Me
IMG_20220418_003402.jpg,Not Smiling,20,Me
IMG_20220506_235903.jpg,Smiling,20,Me
IMG_20220506_235906.jpg,Smiling,20,Me
IMG_20220506_235909.jpg,Smiling,20,Me
IMG_20220508_221406.jpg,Smiling,20,Me
IMG_20220508_221455.jpg,Not Smiling,20,Me
IMG_20220508_221457.jpg,Smiling,20,Me
IMG_20220510_132802.jpg,Not Smiling,20,Me
IMG_20220510_132806.jpg,Smiling,20,Me
IMG_20220510_132815.jpg,Smiling,20,Me
IMG_20220512_155742.jpg,Not Smiling,20,Me
IMG_20220512_155746.jpg,Not Smiling,20,Me
IMG_20220512_155804.jpg,Not Smiling,20,Me
IMG_20220512_155806.jpg,Not Smiling,20,Me
IMG_20220517_144548.jpg,Not Smiling,20,Me
IMG_20220524_161037.jpg,Not Smiling,20,Me
IMG_20220530_140259.jpg,Not Smiling,20,Me
IMG_20220601_155746.jpg,Smiling,20,Me
IMG_20220601_155748.jpg,Smiling,20,Me
IMG_20220602_154356.jpg,Smiling,20,Me
IMG_20220614_145324.jpg,Not Smiling,20,Me
IMG_20220615_010906.jpg,Not Smiling,20,Me
IMG_20220615_010909.jpg,Smiling,20,Me
IMG_20220615_010914.jpg,Not Smiling,20,Me
IMG_20220615_010917.jpg,Not Smiling,20,Me
IMG_20220615_011340.jpg,Smiling,20,Me
IMG_20220616_113620.jpg,Not Smiling,20,Me
IMG_20220616_113635.jpg,Not Smiling,20,Me
IMG_20220616_142414.jpg,Not Smiling,20,Me
IMG_20220616_162624.jpg,Smiling,20,Me
IMG_20220616_162626.jpg,Smiling,20,Me
IMG_20220616_162629.jpg,Smiling,20,Me
IMG_20220617_074820.jpg,Not Smiling,20,Me
IMG_20220617_074827.jpg,Smiling,20,Me
IMG_20220617_103354.jpg,Smiling,20,Me
IMG_20220617_103403.jpg,Smiling,20,Me
IMG_20220621_194703.jpg,Not Smiling,20,Me
IMG_20220621_194706.jpg,Not Smiling,20,Me
IMG_20220621_194720.jpg,Not Smiling,20,Me
IMG_20220630_190101.jpg,Not Smiling,20,Me
IMG_20220630_190101_1.jpg,Not Smiling,20,Me
IMG_20220702_180508.jpg,Smiling,20,Me
IMG_20220709_214117.jpg,Smiling,20,Me
IMG_20220709_214139.jpg,Not Smiling,20,Me
IMG_20220711_005600.jpg,Smiling,20,Me
IMG_20220722_113754.jpg,Not Smiling,20,Me
IMG_20220722_113757.jpg,Smiling,20,Me
IMG_20220722_160000.jpg,Smiling,20,Me
IMG_20220722_160003.jpg,Smiling,20,Me
IMG_20220722_160005.jpg,Smiling,20,Me
IMG_20220722_160007.jpg,Smiling,20,Me
IMG_20220722_160007_1.jpg,Smiling,20,Me
IMG_20220722_160009.jpg,Not Smiling,20,Me
IMG_20220812_131753.jpg,Not Smiling,20,Me
IMG_20220815_151436.jpg,Smiling,20,Me
IMG_20220815_151438.jpg,Smiling,20,Me
IMG_20220916_193941.jpg,Smiling,20,Me
IMG_20220916_203419.jpg,Smiling,20,Me
IMG_20220924_022838.jpg,Smiling,20,Me
IMG_20220924_171515.jpg,Smiling,20,Me
IMG_20220924_171520.jpg,Smiling,20,Me
IMG_20220924_171553.jpg,Not Smiling,20,Me
IMG_20220924_171556.jpg,Smiling,20,Me
IMG_20220924_171601.jpg,Smiling,20,Me
IMG_20220924_171604.jpg,Smiling,20,Me
IMG_20220924_171608.jpg,Smiling,20,Me
IMG_20220924_171610.jpg,Smiling,20,Me
IMG_20220924_171735.jpg,Smiling,20,Me
IMG_20220924_171911.jpg,Smiling,20,Me
IMG_20220924_232755.jpg,Smiling,20,Me
IMG_20220925_151933.jpg,Smiling,20,Me
IMG_20220926_120004.jpg,Not Smiling,20,Me
IMG_20220926_120004_1.jpg,Not Smiling,20,Me
IMG_20220926_161004.jpg,Not Smiling,20,Me
IMG_20220926_164926.jpg,Not Smiling,20,Me
IMG_20220928_183643.jpg,Smiling,20,Me
IMG_20220928_183706.jpg,Smiling,20,Me
IMG_20220928_183711.jpg,Smiling,20,Me
IMG_20220928_183715.jpg,Smiling,20,Me
IMG_20220928_183725.jpg,Smiling,20,Me
IMG_20220928_184119.jpg,Smiling,20,Me
IMG_20220928_184127.jpg,Smiling,20,Me
IMG_20220928_184146.jpg,Smiling,20,Me
IMG_20221002_185045.jpg,Smiling,20,Me
IMG_20221010_124245.jpg,Smiling,20,Me
IMG_20221011_123607.jpg,Smiling,20,Me
IMG_20221012_201435.jpg,Not Smiling,20,Me
IMG_20221012_213346.jpg,Smiling,20,Me
IMG_20221012_213348.jpg,Smiling,20,Me
IMG_20221012_213350.jpg,Smiling,20,Me
IMG_20221012_213352.jpg,Smiling,20,Me
IMG_20221012_213356.jpg,Smiling,20,Me
IMG_20221012_213405.jpg,Smiling,20,Me
IMG_20221024_005027.jpg,Smiling,20,Me
IMG_20221107_210328.jpg,Not Smiling,20,Me
IMG_20221107_210333.jpg,Not Smiling,20,Me
IMG_20221107_210335.jpg,Not Smiling,20,Me
IMG_20221107_210343.jpg,Not Smiling,20,Me
IMG_20221108_005928.jpg,Smiling,20,Me
IMG_20221110_122050.jpg,Smiling,20,Me
IMG_20221110_122053.jpg,Smiling,20,Me
IMG_20221110_122234.jpg,Smiling,20,Me
IMG_20221114_162531.jpg,Not Smiling,20,Me
IMG_20221114_162533.jpg,Not Smiling,20,Me
IMG_20221114_162542.jpg,Smiling,20,Me
IMG_20221114_162616.jpg,Not Smiling,20,Me
IMG_20221114_162623.jpg,Smiling,20,Me
IMG_20221114_162625.jpg,Not Smiling,20,Me
IMG_20221114_162632.jpg,Not Smiling,20,Me
IMG_20221114_162722.jpg,Not Smiling,20,Me
IMG_20221114_162815.jpg,Not Smiling,20,Me
IMG_20221114_162833.jpg,Smiling,20,Me
IMG_20221114_162922.jpg,Not Smiling,20,Me
IMG_20221114_162927.jpg,Smiling,20,Me
IMG_20221114_163251.jpg,Smiling,20,Me
IMG_20221114_163309.jpg,Smiling,20,Me
IMG_20221115_090731.jpg,Not Smiling,20,Me
IMG_20221117_170641.jpg,Not Smiling,20,Me
IMG_20221126_213441.jpg,Smiling,21,Me
IMG_20221126_213444.jpg,Smiling,21,Me
IMG_20221126_213450.jpg,Not Smiling,21,Me
IMG_20221126_213454.jpg,Smiling,21,Me
IMG_20221126_214501.jpg,Smiling,21,Me
IMG_20221126_214504.jpg,Smiling,21,Me
IMG_20221126_214633.jpg,Smiling,21,Me
IMG_20221128_090648.jpg,Not Smiling,21,Me
IMG_20221128_101725.jpg,Smiling,21,Me
IMG_20221130_131053.jpg,Smiling,21,Me
IMG_20221130_141350.jpg,Smiling,21,Me
IMG_20221130_152651.jpg,Smiling,21,Me
IMG_20221206_081309.jpg,Not Smiling,21,Me
IMG_20221206_090505.jpg,Not Smiling,21,Me
IMG_20221206_090511.jpg,Smiling,21,Me
IMG_20221206_090513.jpg,Smiling,21,Me
IMG_20221206_090517.jpg,Not Smiling,21,Me
IMG_20221206_090520.jpg,Smiling,21,Me
IMG_20221206_090526.jpg,Smiling,21,Me
IMG_20221206_093015.jpg,Not Smiling,21,Me
IMG_20221206_093017.jpg,Not Smiling,21,Me
IMG_20221207_155841.jpg,Smiling,21,Me
IMG_20221212_202150.jpg,Not Smiling,21,Me
IMG_20221212_231402.jpg,Smiling,21,Me
IMG_20221212_231442.jpg,Smiling,21,Me
IMG_20221212_231449.jpg,Smiling,21,Me
IMG_20221212_231503.jpg,Smiling,21,Me
IMG_20221213_182339.jpg,Smiling,21,Me
IMG_20221215_184010.jpg,Smiling,21,Me
IMG_20221215_184019.jpg,Smiling,21,Me
IMG_20221217_201736.jpg,Not Smiling,21,Me
IMG_20221217_222144.jpg,Smiling,21,Me
IMG_20221217_222149.jpg,Smiling,21,Me
IMG_20221218_004414.jpg,Smiling,21,Me
IMG_20221225_034329.jpg,Not Smiling,21,Me
IMG_20221225_034333.jpg,Smiling,21,Me
IMG_20221225_034339.jpg,Not Smiling,21,Me
IMG_20221225_034359.jpg,Not Smiling,21,Me
IMG_20221225_034401.jpg,Smiling,21,Me
IMG_20221227_174540.jpg,Not Smiling,21,Me
IMG_20221227_174543.jpg,Not Smiling,21,Me
IMG_20230101_122440.jpg,Smiling,21,Me
IMG_20230101_122442.jpg,Smiling,21,Me
IMG_20230101_122456.jpg,Smiling,21,Me
IMG_20230116_104755.jpg,Smiling,21,Me
IMG_20230116_104758.jpg,Not Smiling,21,Me
IMG_20230116_104804.jpg,Smiling,21,Me
IMG_20230123_120212.jpg,Not Smiling,21,Me
IMG_20230123_121236.jpg,Smiling,21,Me
IMG_20230123_121238.jpg,Not Smiling,21,Me
IMG_20230123_121240.jpg,Not Smiling,21,Me
IMG_20230123_121255.jpg,Not Smiling,21,Me
IMG_20230123_135922.jpg,Smiling,21,Me
IMG_20230123_221832.jpg,Not Smiling,21,Me
IMG_20230211_014906.jpg,Not Smiling,21,Me
IMG_20230211_152158.jpg,Not Smiling,21,Me
IMG_20230218_165934.jpg,Smiling,21,Me
IMG_20230218_165936.jpg,Smiling,21,Me
IMG_20230219_222104.jpg,Smiling,21,Me
IMG_20230219_222108.jpg,Smiling,21,Me
IMG_20230219_222110.jpg,Smiling,21,Me
IMG_20230220_112907.jpg,Smiling,21,Me
IMG_20230220_114118.jpg,Not Smiling,21,Me
IMG_20230220_114120.jpg,Not Smiling,21,Me
IMG_20230220_115314.jpg,Smiling,21,Me
IMG_20230220_175807.jpg,Smiling,21,Me
IMG_20230220_175810.jpg,Smiling,21,Me
IMG_20230220_175812.jpg,Smiling,21,Me
IMG_20230227_020225.jpg,Not Smiling,21,Me
IMG_20230227_020227.jpg,Smiling,21,Me
IMG_20230227_020231.jpg,Smiling,21,Me
IMG_20230302_130111.jpg,Smiling,21,Me
IMG_20230303_105551.jpg,Smiling,21,Me
IMG_20230303_105553.jpg,Smiling,21,Me
IMG_20230303_105559.jpg,Not Smiling,21,Me
IMG_20230303_184512.jpg,Not Smiling,21,Me
IMG_20230303_184623.jpg,Not Smiling,21,Me
IMG_20230304_224206.jpg,Smiling,21,Me
IMG_20230315_213418.jpg,Smiling,21,Me
IMG_20230315_213427.jpg,Smiling,21,Me
IMG_20230315_213505.jpg,Smiling,21,Me
IMG_20230315_213510.jpg,Smiling,21,Me
IMG_20230315_213512.jpg,Smiling,21,Me
IMG_20230315_213514.jpg,Smiling,21,Me
IMG_20230322_172304.jpg,Not Smiling,21,Me
IMG_20230322_172306.jpg,Smiling,21,Me
IMG_20230322_172321.jpg,Smiling,21,Me
IMG_20230322_213515.jpg,Smiling,21,Me
IMG_20230405_150504.jpg,Smiling,21,Me
IMG_20230405_150507.jpg,Smiling,21,Me
IMG_20230405_150509.jpg,Smiling,21,Me
IMG_20230405_150517.jpg,Not Smiling,21,Me
IMG_20230405_150519.jpg,Not Smiling,21,Me
IMG_20230405_150531.jpg,Not Smiling,21,Me
IMG_20230405_150533.jpg,Not Smiling,21,Me
IMG_20230405_150535.jpg,Not Smiling,21,Me
IMG_20230411_135845.jpg,Smiling,21,Me
IMG_20230413_102916.jpg,Not Smiling,21,Me
IMG_20230426_005338.jpg,Smiling,21,Me
IMG_20230512_021856.jpg,Smiling,21,Me
IMG_20230515_084803.jpg,Not Smiling,21,Me
IMG_20230518_053745.jpg,Smiling,21,Me
IMG_20230518_053751.jpg,Smiling,21,Me
IMG_20230518_053752.jpg,Smiling,21,Me
IMG_20230518_053803.jpg,Smiling,21,Me
IMG_20230518_053805.jpg,Not Smiling,21,Me
IMG_20230520_003839.jpg,Not Smiling,21,Me
IMG_20230520_003849.jpg,Not Smiling,21,Me
IMG_20230524_202942.jpg,Smiling,21,Me
IMG_20230524_202944.jpg,Smiling,21,Me
IMG_20230524_202947.jpg,Smiling,21,Me
IMG_20230524_202949.jpg,Smiling,21,Me
IMG_20230524_232606.jpg,Not Smiling,21,Me
IMG_20230524_232607.jpg,Not Smiling,21,Me
IMG_20230602_115547.jpg,Smiling,21,Me
IMG_20230602_115550.jpg,Smiling,21,Me
IMG_20230602_115557.jpg,Smiling,21,Me
IMG_20230602_115701.jpg,Smiling,21,Me
IMG_20230606_173026.jpg,Not Smiling,21,Me
IMG_20230606_173030.jpg,Smiling,21,Me
IMG_20230606_175512.jpg,Smiling,21,Me
IMG_20230606_175516.jpg,Smiling,21,Me
IMG_20230606_175516_1.jpg,Smiling,21,Me
IMG_20230606_175519.jpg,Smiling,21,Me
IMG_20230606_175525.jpg,Smiling,21,Me
IMG_20230609_164308.jpg,Not Smiling,21,Me
IMG_20230609_164311.jpg,Not Smiling,21,Me
IMG_20230609_164315.jpg,Not Smiling,21,Me
IMG_20230612_144111.jpg,Not Smiling,21,Me
IMG_20230612_144113.jpg,Not Smiling,21,Me
IMG_20230612_144114.jpg,Smiling,21,Me
IMG_20230621_103424.jpg,Smiling,21,Me
IMG_20230630_134416.jpg,Smiling,21,Me
IMG_20230630_134423.jpg,Smiling,21,Me
IMG_20230702_011857.jpg,Not Smiling,21,Me
IMG_20230704_165005.jpg,Smiling,21,Me
IMG_20230707_181523.jpg,Smiling,21,Me
IMG_20230707_181526.jpg,Not Smiling,21,Me
IMG_20230707_181558.jpg,Smiling,21,Me
IMG_20230707_181559.jpg,Smiling,21,Me
IMG_20230707_181621.jpg,Not Smiling,21,Me
IMG_20230707_181624.jpg,Smiling,21,Me
IMG_20230707_181647.jpg,Smiling,21,Me
IMG_20230715_175750.jpg,Smiling,21,Me
IMG_20230716_153714.jpg,Not Smiling,21,Me
IMG_20230719_201116.jpg,Not Smiling,21,Me
IMG_20230720_205020.jpg,Not Smiling,21,Me
IMG_20230720_205021.jpg,Smiling,21,Me
IMG_20230720_212924.jpg,Smiling,21,Me
IMG_20230723_233307.jpg,Not Smiling,21,Me
IMG_20230728_201815.jpg,Smiling,21,Me
IMG_20230728_201827.jpg,Smiling,21,Me
IMG_20230728_202036.jpg,Smiling,21,Me
IMG_20230802_160629.jpg,Smiling,21,Me
IMG_20230802_161140.jpg,Smiling,21,Me
IMG_20230802_161824.jpg,Smiling,21,Me
IMG_20230802_161830.jpg,Not Smiling,21,Me
IMG_20230802_163916.jpg,Not Smiling,21,Me
IMG_20230806_014407.jpg,Not Smiling,21,Me
IMG_20230810_140954.jpg,Smiling,21,Me
IMG_20230810_141000.jpg,Smiling,21,Me
IMG_20230810_141019.jpg,Smiling,21,Me
IMG_20230814_220052.jpg,Smiling,21,Me
IMG_20230814_220057.jpg,Smiling,21,Me
IMG_20230815_165804.jpg,Not Smiling,21,Me
IMG_20230823_023238.jpg,Smiling,21,Me
IMG_20230829_133900.jpg,Smiling,21,Me
IMG_20230829_133901.jpg,Smiling,21,Me
IMG_20230906_190921.jpg,Smiling,21,Me
IMG_20230906_190944.jpg,Smiling,21,Me
IMG_20230906_190946.jpg,Smiling,21,Me
IMG_20230906_191205.jpg,Not Smiling,21,Me
IMG_20230906_191209.jpg,Not Smiling,21,Me
IMG_20230906_191213.jpg,Not Smiling,21,Me
IMG_20230906_191224.jpg,Smiling,21,Me
IMG_20230906_191546.jpg,Smiling,21,Me
IMG_20230906_191622.jpg,Not Smiling,21,Me
IMG_20230906_191822.jpg,Smiling,21,Me
IMG_20230908_151812.jpg,Not Smiling,21,Me
IMG_20230908_160420.jpg,Not Smiling,21,Me
IMG_20230908_160424.jpg,Not Smiling,21,Me
IMG_20230909_014746.jpg,Smiling,21,Me
IMG_20230909_214618.jpg,Smiling,21,Me
IMG_20230909_214637.jpg,Smiling,21,Me
IMG_20230909_214641.jpg,Smiling,21,Me
IMG_20230909_214712.jpg,Smiling,21,Me
IMG_20230909_214907.jpg,Smiling,21,Me
IMG_20230909_214923.jpg,Smiling,21,Me
IMG_20230909_214926.jpg,Smiling,21,Me
IMG_20230909_214940.jpg,Smiling,21,Me
IMG_20230909_215024.jpg,Smiling,21,Me
IMG_20230909_215812.jpg,Smiling,21,Me
IMG_20230911_145202.jpg,Smiling,21,Me
IMG_20230911_145207.jpg,Smiling,21,Me
IMG_20230911_145212.jpg,Smiling,21,Me
IMG_20230911_163856.jpg,Smiling,21,Me
IMG_20230916_230857.jpg,Smiling,21,Me
IMG_20230916_230902.jpg,Smiling,21,Me
IMG_20230919_104602.jpg,Not Smiling,21,Me
IMG_20230920_093707.jpg,Not Smiling,21,Me
IMG_20230920_093724.jpg,Smiling,21,Me
IMG_20230920_093726.jpg,Not Smiling,21,Me
IMG_20230922_160810.jpg,Not Smiling,21,Me
IMG_20230922_160811.jpg,Not Smiling,21,Me
IMG_20230922_160814.jpg,Smiling,21,Me
IMG_20230922_160817.jpg,Smiling,21,Me
IMG_20230925_105452.jpg,Not Smiling,21,Me
IMG_20230925_214621.jpg,Smiling,21,Me
IMG_20231005_110213.jpg,Smiling,21,Me
IMG_20231010_150312.jpg,Not Smiling,21,Me
IMG_20231010_150314.jpg,Smiling,21,Me
IMG_20231010_150316.jpg,Smiling,21,Me
IMG_20231010_150341.jpg,Not Smiling,21,Me
IMG_20231010_150341_1.jpg,Smiling,21,Me
IMG_20231011_101619.jpg,Not Smiling,21,Me
IMG_20231019_115945.jpg,Smiling,21,Me
IMG_20231019_115948.jpg,Not Smiling,21,Me
IMG_20231020_162150.jpg,Not Smiling,21,Me
IMG_20231020_162245.jpg,Not Smiling,21,Me
IMG_20231020_162247.jpg,Smiling,21,Me
IMG_20231020_164830.jpg,Not Smiling,21,Me
IMG_20231020_165208.jpg,Not Smiling,21,Me
IMG_20231020_171731.jpg,Smiling,21,Me
IMG_20231020_171738.jpg,Smiling,21,Me
IMG_20231020_171751.jpg,Smiling,21,Me
IMG_20231020_171814.jpg,Smiling,21,Me
IMG_20231020_171833.jpg,Smiling,21,Me
IMG_20231020_171918.jpg,Smiling,21,Me
IMG_20231020_171930.jpg,Not Smiling,21,Me
IMG_20231020_171933.jpg,Not Smiling,21,Me
IMG_20231020_172022.jpg,Smiling,21,Me
IMG_20231020_172105.jpg,Smiling,21,Me
IMG_20231020_172131.jpg,Not Smiling,21,Me
IMG_20231020_172133.jpg,Smiling,21,Me
IMG_20231020_172254.jpg,Not Smiling,21,Me
IMG_20231020_172401.jpg,Smiling,21,Me
IMG_20231020_172511.jpg,Not Smiling,21,Me
IMG_20231020_172514.jpg,Smiling,21,Me
IMG_20231020_172517.jpg,Smiling,21,Me
IMG_20231020_172519.jpg,Not Smiling,21,Me
IMG_20231020_180005.jpg,Smiling,21,Me
IMG_20231020_184315.jpg,Not Smiling,21,Me
IMG_20231020_190547.jpg,Not Smiling,21,Me
IMG_20231020_190551.jpg,Smiling,21,Me
IMG_20231020_225112.jpg,Smiling,21,Me
IMG_20231021_012438.jpg,Smiling,21,Me
IMG_20231023_095551.jpg,Not Smiling,21,Me
IMG_20231023_095607.jpg,Smiling,21,Me
IMG_20231023_140604.jpg,Smiling,21,Me
IMG_20231023_140735.jpg,Smiling,21,Me
1.jpg,Smiling,41,Not Me
2.jpg,Smiling,57,Not Me
3.jpg,Smiling,25,Not Me
4.jpg,Smiling,9,Not Me
5.jpg,Smiling,32,Not Me
6.jpg,Smiling,26,Not Me
7.jpg,Smiling,1,Not Me
8.jpg,Smiling,3,Not Me
9.jpg,Smiling,34,Not Me
10.jpg,Smiling,22,Not Me
11.jpg,Smiling,44,Not Me
12.jpg,Smiling,49,Not Me
13.jpg,Smiling,14,Not Me
14.jpg,Smiling,89,Not Me
15.jpg,Smiling,24,Not Me
16.jpg,Smiling,17,Not Me
17.jpg,Smiling,15,Not Me
18.jpg,Smiling,9,Not Me
19.jpg,Smiling,4,Not Me
20.jpg,Smiling,20,Not Me
21.jpg,Smiling,12,Not Me
22.jpg,Smiling,37,Not Me
23.jpg,Smiling,23,Not Me
24.jpg,Smiling,26,Not Me
25.jpg,Smiling,31,Not Me
26.jpg,Smiling,16,Not Me
27.jpg,Smiling,29,Not Me
28.jpg,Smiling,19,Not Me
29.jpg,Smiling,38,Not Me
30.jpg,Smiling,33,Not Me
31.jpg,Smiling,60,Not Me
32.jpg,Smiling,24,Not Me
33.jpg,Smiling,41,Not Me
34.jpg,Smiling,35,Not Me
35.jpg,Smiling,20,Not Me
36.jpg,Smiling,16,Not Me
37.jpg,Smiling,37,Not Me
38.jpg,Smiling,26,Not Me
39.jpg,Smiling,17,Not Me
40.jpg,Smiling,7,Not Me
41.jpg,Smiling,12,Not Me
42.jpg,Smiling,5,Not Me
43.jpg,Smiling,0.5,Not Me
44.jpg,Smiling,48,Not Me
45.jpg,Smiling,4,Not Me
46.jpg,Smiling,30,Not Me
47.jpg,Smiling,38,Not Me
48.jpg,Smiling,49,Not Me
49.jpg,Smiling,45,Not Me
50.jpg,Smiling,28,Not Me
51.jpg,Smiling,21,Not Me
52.jpg,Smiling,23,Not Me
53.jpg,Smiling,24,Not Me
54.jpg,Smiling,25,Not Me
55.jpg,Smiling,27,Not Me
56.jpg,Smiling,11,Not Me
57.jpg,Smiling,28,Not Me
58.jpg,Smiling,34,Not Me
59.jpg,Smiling,36,Not Me
60.jpg,Smiling,26,Not Me
61.jpg,Smiling,22,Not Me
62.jpg,Smiling,22,Not Me
63.jpg,Smiling,22,Not Me
64.jpg,Smiling,0,Not Me
65.jpg,Smiling,75,Not Me
66.jpg,Smiling,2,Not Me
67.jpg,Smiling,11,Not Me
68.jpg,Smiling,12,Not Me
69.jpg,Smiling,16,Not Me
70.jpg,Smiling,3,Not Me
71.jpg,Smiling,55,Not Me
72.jpg,Smiling,13,Not Me
73.jpg,Smiling,12,Not Me
74.jpg,Smiling,16,Not Me
75.jpg,Smiling,20,Not Me
76.jpg,Smiling,14,Not Me
77.jpg,Smiling,25,Not Me
78.jpg,Smiling,27,Not Me
79.jpg,Smiling,10,Not Me
80.jpg,Smiling,47,Not Me
81.jpg,Smiling,39,Not Me
82.jpg,Smiling,33,Not Me
83.jpg,Smiling,26,Not Me
84.jpg,Smiling,51,Not Me
85.jpg,Smiling,31,Not Me
86.jpg,Smiling,34,Not Me
87.jpg,Smiling,27,Not Me
88.jpg,Smiling,41,Not Me
89.jpg,Smiling,38,Not Me
90.jpg,Smiling,18,Not Me
91.jpg,Smiling,35,Not Me
92.jpg,Smiling,92,Not Me
93.jpg,Smiling,35,Not Me
94.jpg,Smiling,40,Not Me
95.jpg,Smiling,40,Not Me
96.jpg,Smiling,88,Not Me
97.jpg,Smiling,23,Not Me
98.jpg,Smiling,24,Not Me
99.jpg,Smiling,17,Not Me
100.jpg,Smiling,36,Not Me
101.jpg,Not Smiling,31,Not Me
102.jpg,Not Smiling,35,Not Me
103.jpg,Not Smiling,28,Not Me
104.jpg,Not Smiling,25,Not Me
105.jpg,Not Smiling,2,Not Me
106.jpg,Not Smiling,50,Not Me
107.jpg,Not Smiling,22,Not Me
108.jpg,Not Smiling,39,Not Me
109.jpg,Not Smiling,15,Not Me
110.jpg,Not Smiling,29,Not Me
111.jpg,Not Smiling,36,Not Me
112.jpg,Not Smiling,25,Not Me
113.jpg,Not Smiling,38,Not Me
114.jpg,Not Smiling,66,Not Me
115.jpg,Not Smiling,30,Not Me
116.jpg,Not Smiling,37,Not Me
117.jpg,Not Smiling,27,Not Me
118.jpg,Not Smiling,28,Not Me
119.jpg,Not Smiling,40,Not Me
120.jpg,Not Smiling,20,Not Me
121.jpg,Not Smiling,39,Not Me
122.jpg,Not Smiling,31,Not Me
123.jpg,Not Smiling,22,Not Me
124.jpg,Not Smiling,18,Not Me
125.jpg,Not Smiling,25,Not Me
126.jpg,Not Smiling,49,Not Me
127.jpg,Not Smiling,27,Not Me
128.jpg,Not Smiling,20,Not Me
129.jpg,Not Smiling,30,Not Me
130.jpg,Not Smiling,24,Not Me
131.jpg,Not Smiling,31,Not Me
132.jpg,Not Smiling,22,Not Me
133.jpg,Not Smiling,22,Not Me
134.jpg,Not Smiling,23,Not Me
135.jpg,Not Smiling,2,Not Me
136.jpg,Not Smiling,3,Not Me
137.jpg,Not Smiling,7,Not Me
138.jpg,Not Smiling,8,Not Me
139.jpg,Not Smiling,9,Not Me
140.jpg,Not Smiling,10,Not Me
141.jpg,Not Smiling,30,Not Me
142.jpg,Not Smiling,38,Not Me
143.jpg,Not Smiling,35,Not Me
144.jpg,Not Smiling,21,Not Me
145.jpg,Not Smiling,39,Not Me
146.jpg,Not Smiling,32,Not Me
147.jpg,Not Smiling,27,Not Me
148.jpg,Not Smiling,44,Not Me
149.jpg,Not Smiling,48,Not Me
150.jpg,Not Smiling,30,Not Me
151.jpg,Not Smiling,43,Not Me
152.jpg,Not Smiling,5,Not Me
153.jpg,Not Smiling,61,Not Me
154.jpg,Not Smiling,71,Not Me
156.jpg,Not Smiling,100,Not Me
157.jpg,Not Smiling,37,Not Me
158.jpg,Not Smiling,28,Not Me
159.jpg,Not Smiling,20,Not Me
160.jpg,Not Smiling,19,Not Me
161.jpg,Not Smiling,63,Not Me
162.jpg,Not Smiling,42,Not Me
163.jpg,Not Smiling,41,Not Me
164.jpg,Not Smiling,21,Not Me
165.jpg,Not Smiling,47,Not Me
166.jpg,Not Smiling,36,Not Me
167.jpg,Not Smiling,27,Not Me
168.jpg,Not Smiling,38,Not Me
169.jpg,Not Smiling,8,Not Me
170.jpg,Not Smiling,16,Not Me
171.jpg,Not Smiling,51,Not Me
172.jpg,Not Smiling,88,Not Me
173.jpg,Not Smiling,17,Not Me
174.jpg,Not Smiling,44,Not Me
175.jpg,Not Smiling,24,Not Me
176.jpg,Not Smiling,36,Not Me
177.jpg,Not Smiling,27,Not Me
178.jpg,Not Smiling,37,Not Me
179.jpg,Not Smiling,46,Not Me
180.jpg,Not Smiling,32,Not Me
181.jpg,Not Smiling,71,Not Me
182.jpg,Not Smiling,85,Not Me
183.jpg,Not Smiling,33,Not Me
184.jpg,Not Smiling,37,Not Me
185.jpg,Not Smiling,35,Not Me
186.jpg,Not Smiling,67,Not Me
187.jpg,Not Smiling,35,Not Me
188.jpg,Not Smiling,19,Not Me
189.jpg,Not Smiling,29,Not Me
190.jpg,Not Smiling,49,Not Me
191.jpg,Not Smiling,23,Not Me
192.jpg,Not Smiling,42,Not Me
193.jpg,Not Smiling,46,Not Me
194.jpg,Not Smiling,44,Not Me
195.jpg,Not Smiling,20,Not Me
196.jpg,Not Smiling,30,Not Me
197.jpg,Not Smiling,34,Not Me
198.jpg,Not Smiling,45,Not Me
199.jpg,Not Smiling,95,Not Me
200.jpg,Not Smiling,84,Not Me
201.jpg,Smiling,24,Not Me
202.jpg,Smiling,22,Not Me
203.jpg,Smiling,26,Not Me
204.jpg,Smiling,18,Not Me
205.jpg,Smiling,30,Not Me
206.jpg,Not Smiling,17,Not Me
207.jpg,Smiling,16,Not Me
208.jpg,Smiling,5,Not Me
209.jpg,Smiling,24,Not Me
210.jpg,Not Smiling,25,Not Me
211.jpg,Not Smiling,20,Not Me
212.jpg,Smiling,23,Not Me
213.jpg,Not Smiling,22,Not Me
214.jpg,Not Smiling,27,Not Me
215.jpg,Smiling,29,Not Me
216.jpg,Smiling,30,Not Me
217.jpg,Not Smiling,40,Not Me
218.jpg,Smiling,31,Not Me
219.jpg,Smiling,32,Not Me
220.jpg,Smiling,22,Not Me
221.jpg,Not Smiling,25,Not Me
222.jpg,Not Smiling,29,Not Me
223.jpg,Smiling,23,Not Me
224.jpg,Smiling,24,Not Me
225.jpg,Not Smiling,25,Not Me
226.jpg,Not Smiling,41,Not Me
227.jpg,Not Smiling,30,Not Me
228.jpg,Not Smiling,32,Not Me
229.jpg,Not Smiling,35,Not Me
230.jpg,Not Smiling,16,Not Me
231.jpg,Not Smiling,25,Not Me
232.jpg,Not Smiling,29,Not Me
233.jpg,Smiling,33,Not Me
234.jpg,Smiling,27,Not Me
235.jpg,Not Smiling,28,Not Me
236.jpg,Smiling,30,Not Me
237.jpg,Smiling,19,Not Me
238.jpg,Smiling,35,Not Me
239.jpg,Smiling,39,Not Me
240.jpg,Smiling,33,Not Me
241.jpg,Smiling,16,Not Me
242.jpg,Not Smiling,40,Not Me
243.jpg,Not Smiling,31,Not Me
244.jpg,Not Smiling,42,Not Me
245.jpg,Not Smiling,43,Not Me
246.jpg,Not Smiling,35,Not Me
247.jpg,Not Smiling,33,Not Me
248.jpg,Smiling,26,Not Me
249.jpg,Smiling,20,Not Me
250.jpg,Smiling,26,Not Me
251.jpg,Not Smiling,27,Not Me
252.jpg,Smiling,28,Not Me
253.jpg,Smiling,22,Not Me
254.jpg,Not Smiling,22,Not Me
255.jpg,Smiling,30,Not Me
256.jpg,Smiling,34,Not Me
257.jpg,Smiling,36,Not Me
258.jpg,Not Smiling,12,Not Me
259.jpg,Smiling,40,Not Me
260.jpg,Smiling,32,Not Me
261.jpg,Not Smiling,30,Not Me
262.jpg,Smiling,33,Not Me
263.jpg,Not Smiling,41,Not Me
264.jpg,Not Smiling,45,Not Me
265.jpg,Smiling,42,Not Me
266.jpg,Smiling,23,Not Me
267.jpg,Smiling,22,Not Me
268.jpg,Smiling,25,Not Me
269.jpg,Smiling,28,Not Me
270.jpg,Not Smiling,26,Not Me
271.jpg,Smiling,37,Not Me
272.jpg,Smiling,25,Not Me
273.jpg,Smiling,18,Not Me
274.jpg,Not Smiling,38,Not Me
275.jpg,Smiling,35,Not Me
276.jpg,Not Smiling,40,Not Me
277.jpg,Smiling,30,Not Me
278.jpg,Not Smiling,38,Not Me
279.jpg,Not Smiling,28,Not Me
280.jpg,Smiling,23,Not Me
281.jpg,Smiling,24,Not Me
282.jpg,Not Smiling,29,Not Me
283.jpg,Smiling,38,Not Me
284.jpg,Smiling,31,Not Me
285.jpg,Not Smiling,15,Not Me
286.jpg,Smiling,22,Not Me
287.jpg,Not Smiling,24,Not Me
288.jpg,Smiling,25,Not Me
289.jpg,Smiling,24,Not Me
290.jpg,Smiling,26,Not Me
291.jpg,Smiling,44,Not Me
292.jpg,Smiling,43,Not Me
293.jpg,Not Smiling,47,Not Me
294.jpg,Smiling,36,Not Me
295.jpg,Smiling,27,Not Me
296.jpg,Not Smiling,28,Not Me
297.jpg,Smiling,30,Not Me
298.jpg,Smiling,29,Not Me
299.jpg,Smiling,14,Not Me
300.jpg,Smiling,49,Not Me
301.jpg,Smiling,36,Not Me
302.jpg,Not Smiling,33,Not Me
303.jpg,Not Smiling,40,Not Me
304.jpg,Not Smiling,48,Not Me
305.jpg,Smiling,50,Not Me
306.jpg,Smiling,20,Not Me
307.jpg,Not Smiling,28,Not Me
308.jpg,Smiling,28,Not Me
309.jpg,Smiling,40,Not Me
310.jpg,Smiling,36,Not Me
311.jpg,Smiling,34,Not Me
312.jpg,Smiling,44,Not Me
313.jpg,Smiling,34,Not Me
314.jpg,Smiling,24,Not Me
315.jpg,Smiling,52,Not Me
316.jpg,Not Smiling,31,Not Me
317.jpg,Smiling,38,Not Me
318.jpg,Smiling,29,Not Me
319.jpg,Smiling,39,Not Me
320.jpg,Not Smiling,40,Not Me
321.jpg,Smiling,17,Not Me
322.jpg,Smiling,19,Not Me
323.jpg,Not Smiling,34,Not Me
324.jpg,Smiling,28,Not Me
325.jpg,Not Smiling,27,Not Me
326.jpg,Smiling,26,Not Me
327.jpg,Smiling,35,Not Me
328.jpg,Smiling,40,Not Me
329.jpg,Smiling,57,Not Me
330.jpg,Not Smiling,43,Not Me
331.jpg,Smiling,40,Not Me
332.jpg,Not Smiling,37,Not Me
333.jpg,Smiling,39,Not Me
334.jpg,Smiling,20,Not Me
335.jpg,Smiling,38,Not Me
336.jpg,Smiling,40,Not Me
337.jpg,Not Smiling,20,Not Me
338.jpg,Smiling,33,Not Me
339.jpg,Not Smiling,35,Not Me
340.jpg,Smiling,25,Not Me
341.jpg,Smiling,17,Not Me
342.jpg,Smiling,26,Not Me
343.jpg,Not Smiling,14,Not Me
344.jpg,Not Smiling,15,Not Me
345.jpg,Not Smiling,41,Not Me
346.jpg,Not Smiling,8,Not Me
347.jpg,Not Smiling,42,Not Me
348.jpg,Not Smiling,40,Not Me
349.jpg,Smiling,39,Not Me
350.jpg,Smiling,29,Not Me
351.jpg,Not Smiling,38,Not Me
352.jpg,Not Smiling,29,Not Me
353.jpg,Not Smiling,37,Not Me
354.jpg,Smiling,25,Not Me
355.jpg,Smiling,40,Not Me
356.jpg,Smiling,31,Not Me
357.jpg,Smiling,45,Not Me
358.jpg,Not Smiling,37,Not Me
359.jpg,Smiling,43,Not Me
360.jpg,Not Smiling,20,Not Me
361.jpg,Not Smiling,39,Not Me
362.jpg,Smiling,29,Not Me
363.jpg,Not Smiling,40,Not Me
364.jpg,Smiling,27,Not Me
365.jpg,Smiling,19,Not Me
366.jpg,Not Smiling,30,Not Me
367.jpg,Smiling,32,Not Me
368.jpg,Not Smiling,40,Not Me
369.jpg,Smiling,43,Not Me
370.jpg,Smiling,14,Not Me
371.jpg,Not Smiling,22,Not Me
372.jpg,Smiling,34,Not Me
373.jpg,Smiling,25,Not Me
374.jpg,Smiling,13,Not Me
375.jpg,Smiling,12,Not Me
376.jpg,Smiling,33,Not Me
377.jpg,Not Smiling,36,Not Me
378.jpg,Smiling,32,Not Me
379.jpg,Smiling,43,Not Me
380.jpg,Smiling,50,Not Me
381.jpg,Smiling,37,Not Me
382.jpg,Smiling,36,Not Me
383.jpg,Smiling,34,Not Me
384.jpg,Smiling,24,Not Me
385.jpg,Not Smiling,27,Not Me
386.jpg,Smiling,38,Not Me
387.jpg,Smiling,27,Not Me
388.jpg,Smiling,48,Not Me
389.jpg,Smiling,30,Not Me
390.jpg,Not Smiling,32,Not Me
391.jpg,Not Smiling,28,Not Me
392.jpg,Not Smiling,47,Not Me
393.jpg,Smiling,37,Not Me
394.jpg,Not Smiling,30,Not Me
395.jpg,Smiling,32,Not Me
396.jpg,Smiling,35,Not Me
397.jpg,Smiling,15,Not Me
398.jpg,Not Smiling,40,Not Me
399.jpg,Not Smiling,35,Not Me
400.jpg,Smiling,27,Not Me
401.jpg,Smiling,23,Not Me
402.jpg,Not Smiling,30,Not Me
